feat0,feat1,feat2,feat3,feat4,y_true,y_pred,prob_0,prob_1,prob_2
-2.148074148170953,0.654579145051515,-1.2809080301364868,0.5703269525882486,-0.792493005076528,0,0,0.4220173010197921,0.33413056674450736,0.24385213223570062
2.7981897830185876,-2.2715832056071603,1.2605106286717709,-0.325206120580108,-0.7266422098330926,1,1,0.14576121707962428,0.45430323534794764,0.39993554757242805
2.1678140438871347,-0.4006831067150185,1.5149647840603768,-0.8634033499747629,0.8539878158664675,0,1,0.33284926099798917,0.6290006390871332,0.038150099914877604
1.1761543265539802,-2.097876594647956,-0.31747054792948415,0.9425592789879658,-0.7805295229574007,2,2,0.048219204117520724,0.15007168432385115,0.801709111558628
1.5939219060005978,-0.08917128637366312,0.9324014464867153,-0.35072665252982366,1.3196010183311762,0,1,0.3234329599633405,0.6241670473402138,0.052399992696445796
0.916704218985514,-2.0788824329526,-1.4887017625890897,2.4603390764357624,0.8643813720688108,2,2,0.008793977892036052,0.04871593369487412,0.9424900884130898
-1.9538021482454422,1.243252893506031,-0.2314904875799857,-0.7422681294768434,-1.2750115308618477,1,0,0.6595150095085358,0.30891410267236613,0.03157088781909799
-2.1495630737920832,0.035432685914959405,-2.3100830752949744,1.9707190685531113,-0.01698293941294815,1,2,0.09930701378787894,0.1476172692896777,0.7530757169224434
1.1912210177258744,-2.3818696329552633,-1.7954812946314123,3.035536752001013,1.4337761821039112,2,2,0.003217832657955948,0.02539166277284862,0.9713905045691954
0.5292127084986149,-0.9476134408951916,0.28020938235232373,-0.1822644496294291,-1.1261348568288878,2,1,0.28717164381363824,0.42467188946272516,0.2881564667236366
0.6407781478368271,0.18825767203110566,0.6736967894521003,-0.5427147396314578,0.3825244507314608,0,1,0.418196575676526,0.5322233834499802,0.049580040873493755
-0.855186123644197,0.6564528486873793,0.4965617893976879,-1.1680467280583564,-1.4462759645860643,1,0,0.6168900349986661,0.3540581262958274,0.029051838705506403
-1.167106018281885,-0.7510443258003322,-1.359076250877579,1.1296119841677998,-1.1761327059603068,2,2,0.11336430266427222,0.16630563785478863,0.7203300594809391
1.0655328335027796,0.7702071033207571,1.4424109316833584,-1.3101406086421539,0.8564893971273495,0,1,0.4873173360458009,0.5041396142856838,0.008543049668515362
-2.6773898733044144,0.10138330020322339,-2.3052936977092005,1.6420414604100857,-0.9593507376448951,2,2,0.13080381052015752,0.14038478926936268,0.7288114002104799
-2.5826079194393152,0.5904211248708,-1.37430976812155,0.42524922549298827,-1.6001974668920675,2,0,0.4422451174135348,0.28382868657730176,0.2739261960091634
-2.3161677343395533,-0.5807383418721677,-2.657287965990344,2.2915845855387955,-0.8034313958418786,2,2,0.03153942514572107,0.051825848228639226,0.9166347266256396
-3.9087315416015556,0.9723177004817273,-2.2916050235795504,0.955947733482665,-1.8987636517862874,0,2,0.3919201367777767,0.19998903253801228,0.40809083068421104
-1.6714009668246574,-0.23771031427071376,-1.1903134893058034,0.633342557231811,-1.5812171692956372,2,2,0.25337933443079363,0.24840779524140372,0.49821287032780265
-1.0841191263134564,-0.483153586183942,-2.2494101743958446,2.4881262168472422,1.0782429381087093,1,2,0.040569353916167575,0.11028579536306196,0.8491448507207704
0.5419586385898655,-0.879204426101716,-1.5048066409682224,2.3903965993273943,2.262183547156006,1,2,0.04034673236145405,0.18480495983474826,0.7748483078037977
3.3439957279678736,-2.9910050985420638,2.6406099346419554,-2.045658019518885,-3.415592379207941,1,1,0.2740179663434779,0.49308172441774034,0.2329003092387818
0.4074257897624512,-0.45692737130622174,-0.5561705009001783,0.9972950346407581,1.0155129513558974,2,1,0.18472332791771862,0.43389044733889515,0.38138622474338635
2.0520726800168996,-0.23928490032693706,2.409827190800407,-2.1984085048274604,-0.7173189250515717,0,1,0.4934249262779079,0.4970766666998085,0.009498407022283583
-0.9252627948095324,2.0867741834788314,-0.06765845047835062,-0.23559361530987716,1.9595784956269573,1,0,0.5464728094164127,0.44377921105903,0.009747979524557259
-1.0224840490075624,1.209134483364548,0.519850106742216,-1.2409141640843915,-0.8474697173844595,1,0,0.6503036394178485,0.3365037550495153,0.01319260553263611
-0.3929556284925885,2.7194483475947897,1.0642572650947701,-1.4501150509680651,2.0771094415336915,0,0,0.6395928058504926,0.3595196595186577,0.0008875346308496893
-1.7112019907651068,1.465197613279909,-0.504375302651237,-0.17386005810920072,0.0943073081691248,1,0,0.5843054921875044,0.3791739869426674,0.0365205208698283
-2.371859479221885,1.26703584772607,-0.7336201249215757,-0.2813064565738409,-1.152542688080158,0,0,0.6293249886218639,0.3126983565218643,0.057976654856271896
-0.9767839179647653,1.977667126562754,0.08214393274268694,-0.49514481587644754,1.3927324408708273,1,0,0.5780911351549355,0.4128585167060718,0.009050348138992689
-0.09890837188582707,1.8299211094406331,1.1120763607066584,-1.4395370561752159,1.0076989255023574,1,0,0.608337688249028,0.38880220019204503,0.0028601115589270143
0.1143664146660697,-0.09265198138200992,0.878299887486109,-1.197460615476187,-1.5311824524795887,1,0,0.5255932566577884,0.42268366483711073,0.051723078505100877
4.061949587881493,-3.6256544860258177,1.9142182084167487,-0.6315515354328048,-1.7863813490114442,1,2,0.06929972464559145,0.301092471197773,0.6296078041566355
-0.8348186613123872,-0.595568228483246,-2.106769836110643,2.4262733472649254,1.1169302780392463,1,2,0.04004989384999667,0.11569940339215562,0.8442507027578477
1.8072149827726895,-1.6914017315247794,0.8460691095614155,-0.2821776908092268,-0.9225991714833535,1,1,0.2018395947495441,0.4503783239625145,0.34778208128794147
0.41786270734583864,-0.7211778834950044,-0.10790776064541685,0.3307160407680178,-0.2436149292264238,2,1,0.24117376729371492,0.42740695138279705,0.33141928132348797
-6.789822656735626,2.0185776941446614,-3.3290833387776955,0.765953789646468,-3.9012766020595313,0,0,0.6075967991269164,0.10395490378516956,0.288448297087914
2.3697329367516815,-2.2619602738432407,0.6652094966839883,0.26104703020450276,-0.4805668693911753,1,2,0.09292901327337595,0.3235751039496005,0.5834958827770236
-1.1113483725294417,-0.9758906512338845,-1.6942363989921558,1.6180512633789852,-0.8526192270503189,2,2,0.05444906677088892,0.10145416861700512,0.844096764612106
1.8179773912573647,-1.6092876332331087,1.0086566324639308,-0.49868116622827335,-1.0518346668089384,1,1,0.23759828745770945,0.482875241399543,0.2795264711427476
0.7259015754460102,-1.0966698054542343,-0.29272164781003296,0.743633866354517,0.043150892199117497,2,2,0.14506882028268828,0.345637518646886,0.5092936610704257
-1.0631347725809324,1.1121287991657711,0.08753402299601953,-0.6584924827100248,-0.3139710510586622,0,0,0.5855146191483818,0.3867395357868067,0.027745845064811626
-1.5993248785038883,1.6835739254302764,-0.4190905867290008,-0.20049627004961446,0.5467191448450621,1,0,0.5865906152064289,0.3886018697100126,0.024807515083558534
-0.6637272329293936,-1.2531998490480891,-1.7573479191838486,1.9553466995563693,-0.336277632600412,2,2,0.029921547559787084,0.0758446477180527,0.8942338047221603
2.998563599860416,-2.0633398776360234,0.3019024372861505,1.1973822804080188,1.7801369361388881,0,2,0.052655727654904935,0.3406761898743285,0.6066680824707665
-2.17740463435747,0.30882568630887797,-1.6741723074596309,1.074652389086712,-0.7457297642465477,0,2,0.26643938329596506,0.26294064004267564,0.4706199766613592
-1.714365515721251,-0.23203092562987304,-1.4300736446949893,0.950589978966913,-1.2211521450696619,2,2,0.2002194964978685,0.22227374026656604,0.5775067632355655
3.810663527418533,-2.9646585797291527,2.0841335891551553,-0.9541445154116728,-1.4301163745321963,1,1,0.14378936165859604,0.48918497361838886,0.36702566472301495
4.233429805663925,-3.754564654333454,1.2692262429250154,0.38418655229677384,-0.5008413797429917,2,2,0.02333956156220918,0.16839963627373833,0.8082608021640525
0.3393225096093999,-0.561984596916846,-1.086910022493337,1.702600644088537,1.6590022721626783,2,2,0.10167208392566708,0.3187844846374118,0.5795434314369211
1.621998106844814,0.09113451556638708,1.8203365321368294,-1.5837902766925536,0.08025608776655091,0,1,0.46345538669252767,0.5233602226955141,0.013184390611958242
0.3858676510856138,1.0119827363712268,1.09965614815698,-1.2151778140616318,0.5532279577858144,0,0,0.5355027625856132,0.4552195404600458,0.009277696954340973
-1.3369431354453805,1.1362098705974044,-0.1888468604009359,-0.430766785044332,-0.31412234761533897,1,0,0.5779613191048106,0.38401395364536367,0.03802472724982569
0.46924943651370826,-0.779481897076545,-0.7147135729609753,1.225072762828227,0.8581023788275921,2,2,0.12608364437752045,0.33709469410307064,0.5368216615194089
0.18663977668791606,0.3504016581943068,-1.0069513899368103,1.5999599394833874,2.817770794618493,1,1,0.1935200389603624,0.537504993927882,0.2689749671117556
0.10147581405178462,1.1891839551126093,0.6177060658320104,-0.6816317537395876,1.1752465572532056,0,0,0.5004799286627603,0.4856466192642286,0.01387345207301117
-1.3217005881003279,0.8537702789954397,-0.3997391825690948,-0.15238026706816613,-0.3984087124496777,0,0,0.5267976138175732,0.4005059679359035,0.0726964182465234
-0.9313085329804652,0.5195005363347569,-0.6767423282530176,0.4488437797932539,0.2922584190246249,1,1,0.39308045789854384,0.4482832938839499,0.15863624821750621
-1.1084676960797506,2.119885789568447,-0.012835464378586514,-0.4246157423852092,1.5539344850051582,1,0,0.5827236106948002,0.40885949049092407,0.008416898814275662
0.4018151544876118,-0.2738451048046444,-0.024790850424712407,0.254215499615272,0.3617265622626533,2,1,0.29958076691411134,0.5045865721086115,0.19583266097727714
-3.5515544318258043,0.9004209823129302,-2.0641968131150126,0.8448005796613749,-1.7280851257815315,0,0,0.4084486407695153,0.22462883958144236,0.3669225196490423
1.5188020326946037,-0.8627141028862695,1.672060480947991,-1.5479386406536277,-1.53643462269951,1,1,0.4423223755890514,0.5024155522757273,0.0552620721352214
1.024237234156136,-1.7969766504210423,-0.7519525804511341,1.5053687479945783,0.23673323044106853,2,2,0.037444195450679875,0.14050479706640365,0.8220510074829165
-1.5155120466090837,0.854440266518596,-0.5449883127780324,-0.06527561664048143,-0.5188903614845106,0,0,0.5255788129962271,0.38859815707724615,0.08582302992652668
1.292170404354313,-0.6321091452829204,0.7974845851788603,-0.40969758868457723,0.007766556767688115,1,1,0.3232989726267536,0.5565242849600079,0.12017674241323845
2.40133823879378,-1.2744597407139184,1.77856975818069,-1.19783257926844,-0.7000206934468336,0,1,0.32619695388495745,0.5899472010938451,0.0838558450211975
-3.517744965439059,1.405333837165193,-1.5025868394524715,0.1208547487873204,-1.7912808349957379,0,0,0.6335041419507184,0.2531714544702443,0.11332440357903734
0.2678790454788308,0.8233576539983163,0.849699796059317,-0.9530035751482628,0.44020495315453056,0,0,0.5119964459904259,0.47136795300725387,0.016635601002320144
-0.384195794917639,0.07440463962870458,0.07749671254548207,-0.342141047048379,-0.7738509361366641,1,0,0.44745346827399224,0.4398289155025314,0.11271761622347631
1.8365294455691263,-1.836794073078377,0.026886904502757214,0.8923484436102549,0.36753246968488074,1,2,0.07510682996418912,0.2843928600474033,0.6405003099884075
0.458674762161118,-0.9181586653006433,-0.8479332927790086,1.3929833977593855,0.8346971752549293,2,2,0.09733381175490269,0.28013142130454943,0.622534766940548
1.0765508663538506,-2.1122073539098514,-1.1732942867638192,2.104473515083622,0.5506770228096811,2,2,0.013182208664104413,0.06603091226228043,0.9207868790736151
-1.5731331609571995,0.39845902804885625,-1.1120194992173342,0.6573173615604347,-0.4069881169740821,0,1,0.36030460948145654,0.36295353338912956,0.2767418571294139
0.8912068229046188,-1.6130400154939883,-0.614806188357396,1.247487506995646,0.04711861831187414,2,2,0.05851809664386621,0.1865035513702246,0.7549783519859091
0.31629418180838587,-1.966659815810068,-1.3636830690280113,1.919575547501836,-0.3592160352670529,2,2,0.015833027712077948,0.05622535867892894,0.9279416136089931
-2.2057531321070822,1.4953784904643452,-1.2995645849115007,0.6598386827756602,0.6082323802160107,1,0,0.5050364915368134,0.39878889125463995,0.0961746172085467
0.0034586284132990743,1.1491886678757133,-0.16535948321977034,0.3740460814991881,2.3322222427957193,1,1,0.3847577576764585,0.5742508976806008,0.0409913446429407
-1.3157199193677251,1.3385451753279973,0.15943496305315608,-0.8925796541335432,-0.5480178293111115,1,0,0.6362622657476106,0.3459051180680472,0.017832616184342162
-1.6513797897976255,0.8178398537886297,-1.1247544798910516,0.6759837542880088,0.1994937073150883,1,0,0.4143630842410612,0.4052393110109847,0.180397604747954
-0.6528454946992576,2.7080529580177624,0.7706084772029245,-1.1931350693399003,2.073496764093716,1,0,0.6336753632609842,0.3649992403513657,0.0013253963876501953
0.6067464372268889,-1.09056489181082,-0.9386741066039882,1.5951448313154173,0.9902531469913433,2,2,0.06999446960985709,0.23257039207928792,0.6974351383108549
-1.187037036384472,-0.7762167226349878,-1.5032979107130795,1.320776767624207,-0.998158763203968,2,2,0.09160325347637756,0.14523921924221916,0.7631575272814033
0.11708613974639127,-1.5612135250605397,-0.977769751743754,1.2900971357834314,-0.7420191418901589,2,2,0.050383877020657115,0.12550098574905985,0.8241151372302831
0.7946246152291977,-1.2533611144671497,-1.4055880589392298,2.362079885572732,1.9252265045264774,2,2,0.02815421075219224,0.14020156288053956,0.8316442263672681
-3.9356677050666096,1.6079026456996255,-1.575138504619015,-0.012371045691316382,-2.13382202590154,0,0,0.6868908660222546,0.2233603882077497,0.0897487457699958
-2.4740059001995025,1.3039099545920556,-1.6084333437266292,0.9122356553041007,0.29832705897413825,1,0,0.458270623461621,0.3707747747800046,0.17095460175837449
-3.7540083074377644,1.287626895006729,-1.7995158678291536,0.38479217960594664,-1.929270920183657,0,0,0.5778439568727901,0.2399531727187089,0.18220287040850106
-2.2184635533438244,-0.4063911943701719,-2.2504747790296804,1.7904024450035323,-1.0408396203159713,2,2,0.0696708634686724,0.0945713875999574,0.8357577489313701
-2.049883855452442,3.6611277217508755,0.4213766878446181,-1.453227057671132,1.6084750546253475,0,0,0.7622446086576833,0.2372920001927675,0.00046339114954923656
-0.7747722032330625,0.1637662817197414,-0.7587286148365364,0.6222081352182162,0.12570847482853775,0,1,0.3222249009444672,0.4221836225480058,0.2555914765075269
-0.24628247910238346,-1.2262142223652743,-0.8645302233437488,0.9403891672095053,-1.0801782473637753,2,2,0.09675571086942998,0.18105537851823506,0.722188910612335
-0.09339176005777382,-0.8123474500990756,-2.7911742179166534,3.844002733851285,3.4528863769600022,2,2,0.007725961809116033,0.05381036607959974,0.9384636721112843
0.5741977864749518,-0.696498513120376,0.06951632083392534,0.1771065901103547,-0.21145294949764004,1,1,0.263619236862078,0.4603511122602164,0.27602965087770553
0.148859983276246,1.5324224787321925,1.1833266758704815,-1.4218448122402174,0.8468819859462683,0,0,0.5836955562458922,0.4123147840648797,0.003989659689228001
0.8181641188576684,-1.06333070533284,-0.04495350480742255,0.45028280461293635,-0.1646496852295738,2,2,0.18360943226918888,0.39659831037004845,0.41979225736076253
-3.310324362288891,1.4561603825768519,-1.2850808485056144,-0.055193982292484185,-1.684240536409109,0,0,0.6570195561057218,0.26051351275098694,0.08246693114329118
0.8147287698037201,0.7357758936639807,0.8364214576507331,-0.6028315654401913,1.3977143952093025,0,1,0.4268330515615399,0.5533065332307869,0.019860415207673156
2.169260627803613,0.1555721033191776,1.680640804676255,-1.0344298276294432,1.5360912828821178,0,1,0.3610506146317975,0.6240471551898364,0.01490223017836599
3.1409167583610036,-3.0127821830251174,1.0230309565662181,0.14182826341801202,-0.9196223907110337,1,2,0.05546168032522656,0.2431525030524685,0.7013858166223049
-3.307904623343746,1.0941115882789025,-1.6711472055658658,0.4567314387881725,-1.6161128275812984,0,0,0.5280425320798487,0.2648058123454834,0.2071516555746679
-3.675320430443051,0.26677125169450155,-2.902915495363983,1.8943511754554074,-1.5673052410310404,0,2,0.09877229009204024,0.08390691294061724,0.8173207969673425
0.5241361324703454,-1.6632546635540488,-0.6147890445488968,1.0123682201475033,-0.771520642518595,2,2,0.06477008087761157,0.16453404450837697,0.7706958746140115
2.1623486362358513,-0.32312012344307917,2.438703941831308,-2.1807652934337693,-0.6981522877568296,0,1,0.4812640815370443,0.5084279130733214,0.010308005389634254
-0.14450519358343572,0.1123588772639803,-0.46369130809320236,0.5871177123656259,0.7528370108719199,2,1,0.3063778341729153,0.49065891707500425,0.2029632487520805
-1.5435932583432095,-0.5391249971268919,-1.8961689470280134,1.6887150472379084,-0.5759561871782322,2,2,0.07743206333184546,0.1269592479314507,0.7956086887367038
0.7931972524385649,-0.205636445527279,0.30236029147611776,0.0380285624356931,0.6661392194266105,0,1,0.31767703491730553,0.5551044211676208,0.12721854391507362
-0.24226207073897035,1.3467077453231218,-0.32910081281883485,0.47835768207440005,2.488946121262263,1,1,0.39566118261973415,0.5655422590364692,0.03879655834379671
0.8513736606328471,-1.4297104017754452,-0.8052590177222677,1.516943690402419,0.6368825228839063,2,2,0.05470994405910547,0.19265024470679148,0.7526398112341031
1.1354112890452062,-0.8348545544560987,1.1357196623152996,-1.0158521832465286,-1.2756850618329738,1,1,0.3976510702642342,0.5001392637869692,0.10220966594879667
2.5532759041446456,-0.8671787903876935,1.4700921611595104,-0.6132744325110624,0.8801971162772678,0,1,0.2700221150498517,0.6574216690056545,0.07255621594449387
2.0569898552938337,-0.692343004756597,2.1868244228406666,-1.9291730492151948,-1.1007898484953351,0,1,0.454390833586584,0.5222056229238885,0.023403543489527466
-2.792961539487858,0.4156172667384225,-3.042088656733873,2.662111743719397,0.7028425070027973,1,2,0.06725554246046114,0.10763509324392408,0.8251093642956148
-0.16398413503033527,1.1566181527679855,0.17848617511783094,-0.2221171401417528,1.387675648269291,0,1,0.46725151631601497,0.5070807101219814,0.025667773562003723
0.6073218104950385,-0.5204611754920858,-0.28846970211760947,0.7312157260028846,0.8148960650859902,2,1,0.20897505717882567,0.46837961589252036,0.322645326928654
-0.665432019736944,-1.179811615434205,-1.4813554171719527,1.5676044644198623,-0.7116833063297083,2,2,0.04982922547858971,0.10629018309225612,0.8438805914291543
-4.598150158449325,1.2271902183247265,-2.5105998732228536,0.8690993231240856,-2.4231532471525465,0,0,0.45417856168338655,0.17520250370830914,0.3706189346083042
-0.40083647147465745,0.5495548258057918,-0.0498836274070823,-0.11424956402859932,0.2616889147122716,0,1,0.44807260877165284,0.47791423364922175,0.07401315757912534
-1.0564563034997063,2.4864587725736085,0.6346160811752954,-1.2764033220236048,1.127247913270154,0,0,0.6712067725530617,0.3267732466165061,0.002019980830432327
-1.268179727053177,-0.34733850325604454,-2.0912273652320224,2.162597275184451,0.6641198215213944,1,2,0.06409924642384607,0.14137902479606806,0.794521728780086
-2.2026425338067805,1.4497793296037464,-0.3965390690531754,-0.6369735788870959,-1.10624654620815,0,0,0.6703465338243874,0.3004426602586732,0.029210805916939413
-2.2366650448380874,1.5721956846746006,-0.2959776827770504,-0.7878646167267717,-1.1408772982479167,0,0,0.6924736931649541,0.2862126767394861,0.021313630095559772
0.5895525833305192,0.32347864105437707,0.47342173595139125,-0.27195687117562345,0.8826982238365022,0,1,0.39375234024026023,0.5525334207282986,0.053714239031441166
-0.45695577660692155,1.2303708796611275,0.6506295711231012,-1.072624885946073,0.0772634603458755,0,0,0.589999698996989,0.3983065715709201,0.011693729432090834
-1.0794161689253028,-0.6487668914876925,-1.3048712096320259,1.118745720816625,-0.9199521194592042,2,2,0.1292162069049824,0.19385561884260774,0.6769281742524099
0.38290516006023634,-0.8157034955082496,-1.1132341332423117,1.737701829312238,1.3464323574326766,2,2,0.0783954825650553,0.2550584574575288,0.6665460599774158
-1.275587922774296,1.906489720406714,0.31040160019141205,-1.0170097236990712,0.25834998770747963,0,0,0.655983728939716,0.3372276172984759,0.006788653761808176
1.318643778955893,-1.4260432371447318,1.0167639958929582,-0.8005369084823293,-1.7368727484592958,1,1,0.3087967015488293,0.4615099703791845,0.22969332807198606
-1.0892793216167809,0.10691526872875079,-1.2323783181532892,1.0975581013600295,0.2603277537191041,1,2,0.24155377340417938,0.3507400503305332,0.40770617626528743
-1.1170836977543288,0.6559695957264671,-0.47936841728441393,0.06618804495364351,-0.19531205713215705,0,0,0.47056737381899333,0.4243888471003562,0.10504377908065045
-3.1123520539846297,0.376207788608117,-2.467398595342271,1.6349337456039756,-1.0457929329471396,2,2,0.16150682395404053,0.14791302984167398,0.6905801462042854
-1.1358822137518907,0.25864218735155375,-1.614917497496106,1.6341973608055635,1.1298580722910274,1,2,0.1852993670510531,0.3337271397334893,0.4809734932154576
1.071973323476023,1.0880832510848935,1.810521947972687,-1.796007356148876,0.7607643644586549,0,0,0.5443692640683978,0.45228019238130307,0.003350543550299107
2.572787467252188,-0.8055588743755191,2.3529593446883363,-1.8583740079043176,-0.5761128061679299,0,1,0.40435851905713416,0.5731837188062355,0.02245776213663044
-0.44986209280324013,0.7457586929745288,0.15741333138766933,-0.41871389865945136,0.13335457254868888,0,0,0.4998118420843916,0.4563712018386245,0.043816956076983896
0.1687372030873854,-0.1681237850074111,-0.3427577495163959,0.5765297302285329,0.6619874994775674,2,1,0.2720971536319254,0.4861979194963171,0.2417049268717575
-0.9341594937181894,0.5229005739022377,-0.9679238582246081,0.8645201368128244,0.8215005817848162,1,1,0.3305085884273925,0.4518010464562072,0.21769036511640036
1.8532225611973634,-2.474740662858145,0.10646715564882947,0.7138228357616503,-0.8679375341857188,2,2,0.04524760482002295,0.16205060220357043,0.7927017929764066
1.7748890133322275,-2.2173644368668692,0.1414747726505965,0.6450161322285349,-0.6338179902979102,2,2,0.06362419451885495,0.21380658474093153,0.7225692207402135
1.8950509566438138,-0.050330849187242066,2.0772776506930057,-1.7979383615459932,-0.09262525348141448,0,1,0.463546354445229,0.5249802611637425,0.011473384391028463
1.2499778979279796,-1.1197854756213799,0.9644591447915865,-0.7325061527797743,-1.238789780859199,1,1,0.33131420864822775,0.4943305370654959,0.17435525428627632
0.5301751896248431,-1.1981967401880824,0.333180620723458,-0.28698031975225363,-1.661991026515516,2,1,0.2700857501566651,0.38414855603540415,0.34576569380793076
3.7727281434540116,-3.1597702801832783,1.0038426101727398,0.5465330635153655,0.11293693122201054,1,2,0.035708691683947504,0.23276373882568535,0.7315275694903672
-1.2207662998050122,1.6269294009562145,-0.5177027007785113,0.17045542033694847,1.3790076626013592,1,0,0.5125724831570773,0.4552353248175545,0.032192192025368244
-0.9703056054727558,0.30687700941427565,-0.7540631959443461,0.510254756357054,-0.019519833160500766,0,1,0.3618033954416439,0.42064280370132934,0.21755380085702666
0.8987561655035846,0.9332042280485431,2.026334725475088,-2.231468795330795,-0.2487023438999585,0,0,0.6043657173899915,0.3926814330698943,0.0029528495401141956
0.7293743577555644,-1.3959873505607805,-0.6836350678510822,1.2705308803245818,0.23271574365067427,2,2,0.07036638386609076,0.21315896664780581,0.7164746494861035
1.7469448599821713,-0.9429893854911164,0.6617234900372182,0.032174666576332535,0.61114693363127,0,1,0.232008249055552,0.570694114935969,0.19729763600847902
-0.12567375175032056,-0.18541756398409903,-1.0265615061090227,1.3700778409109133,1.2880205743057278,2,2,0.17021044954117356,0.38977647651491854,0.4400130739439079
0.27273788008363986,-0.3408746569592289,-0.8877743158864378,1.4017887640115674,1.5544533831547074,2,2,0.15111838073895548,0.4035834014353371,0.44529821782570744
0.5249000346342967,-1.1362869714315786,-1.35119799013916,2.1295227322108743,1.4962255493245447,2,2,0.03881418282907948,0.1587278371343804,0.8024579800365402
-0.1122738897798569,-0.26280085872629355,-0.719673927847885,0.9297985039949983,0.6208661955852539,0,1,0.21694770910375064,0.41230493217170444,0.37074735872454484
-0.7914783796627184,1.0756566744967968,-0.6775043041758966,0.6025982375013113,1.5517696407183152,1,1,0.40571661658705077,0.5115233698207163,0.08276001359223288
-1.5877232773569818,2.4450735009487468,0.23056438955926306,-1.034262485908082,0.7315484463314738,1,0,0.6861847570569867,0.31031067677654733,0.0035045661664659363
-0.799468734356902,3.0295121908984504,0.9815088194058587,-1.548980098232818,1.9652006296064624,0,0,0.6822684494771617,0.3171188782786051,0.000612672244233286
0.8045686483273725,-1.4257968581959468,0.01870286972888069,0.30802533134250365,-0.9460192348518233,2,2,0.15762398577239503,0.3214756094365075,0.5209004047910974
0.3971394910633358,-0.54431753613856,-0.8549037499506547,1.408476189690867,1.383702816558623,2,2,0.13072879969380197,0.3672919503264091,0.5019792499797889
4.262643621039184,-3.9656002331950813,1.1602651151963737,0.5336921592538529,-0.6166725149901662,1,2,0.015462210550037096,0.12098763564953803,0.8635501538004249
3.0994171914867374,-2.977378672561758,1.180318652181624,-0.10520503120255807,-1.2254913150019262,1,2,0.0716653584706134,0.27771887803138484,0.6506157634980018
-0.41814392794671823,-0.3288833659585064,-1.064375602175616,1.2247653304360406,0.5221685495362327,1,2,0.1689617466779298,0.3298499071234505,0.5011883461986197
-0.5070834131283096,-1.17045339733665,-1.0322967278404425,1.0243917960140567,-1.1959289146244396,2,2,0.09028776808608266,0.1601486625840543,0.7495635693298631
0.9197003744529673,-1.5579889905603492,-0.8734616758667548,1.6422177784481833,0.6706380261439084,2,2,0.04227220563075,0.1615105060363885,0.7962172883328615
1.3758309237815383,-0.054208905198723345,1.1023067084039462,-0.7261450795856518,0.6387845582567391,0,1,0.3810440198420695,0.578531045146862,0.040424935011068475
-0.5653741728463129,1.2927080549858807,0.030887676650179774,-0.24534325326825684,1.097197351773139,1,0,0.5041116234479235,0.4706133955010794,0.025274981050997104
0.01232368620256739,0.6766950014094407,0.8662720253840811,-1.1535397356130126,-0.35664542117531917,0,0,0.5523371986663322,0.42852854886759884,0.01913425246606898
-0.1469136759011413,0.9318183653548553,-0.4345299921587651,0.6401427518430862,2.1390363855897827,0,1,0.3553225681621165,0.5694510301228412,0.07522640171504248
-0.04801515972511299,-1.3535967182005006,-0.6978809386134874,0.8105251813399105,-1.212985026181261,2,2,0.09891682949891249,0.18770785027833342,0.7133753202227541
1.395191799597517,-2.844572153502214,-1.6666717388201384,2.9240273143802082,0.7901848257518144,2,2,0.0020151948478269385,0.016433113455839386,0.9815516916963338
-0.8995664074772961,0.043459221203626996,-0.9649110028699854,0.8254641544631286,0.04001719195639497,0,1,0.2751423234849201,0.3788968082275129,0.345960868287567
-3.008740483009085,2.7309088614645476,-0.9932299612518901,-0.13510644633403693,0.6317104473702819,1,0,0.7012518829539677,0.287653975626548,0.011094141419484145
1.5101790051170978,-0.693135436241753,1.1262373256204945,-0.7516171819962542,-0.26330372377516653,0,1,0.35086279353845923,0.5608827772817564,0.08825442917978438
-2.4066593806833767,0.0609924837248601,-2.062113004482181,1.4580297505011706,-0.9337536713184018,2,2,0.15573650400430888,0.1692696235440885,0.6749938724516027
-1.1342714774815577,2.23540716489655,0.08175087097146627,-0.5626273451240943,1.5343551915815656,1,0,0.6012903852265916,0.392434536968283,0.006275077805125349
-1.7588333894695396,-0.11925627025998631,-1.5095562427486904,1.0499195029711104,-0.9665048699559916,2,2,0.20282260191039056,0.2309587771894137,0.5662186209001958
0.5633610017078595,-0.023053674193631468,0.17438864320977177,0.09927037798922117,0.7631646536645584,1,1,0.3324730012151093,0.5491533400674964,0.11837365871739433
-0.39733314936982617,-0.11483315948016937,-2.295646252737515,3.0264516106709234,3.177300805423392,2,2,0.04238189062988264,0.1825608827060208,0.7750572266640965
-0.6586969514096642,-0.06563369993109824,-1.8150116002651653,2.1806321044093653,1.8710693582423095,1,2,0.09504550847330266,0.2581375033852592,0.6468169881414382
1.906161857548009,-1.9638026347574902,1.1586779006979713,-0.70015401406227,-1.7736262352428112,1,1,0.22478655805607378,0.43503713580897563,0.34017630613495065
1.2956763735545331,-0.7208463748026577,0.9480530153314587,-0.6335941297059879,-0.4151253878331853,1,1,0.34599939031666804,0.54182616807416,0.112174441609172
-3.4026986526585126,0.8943545908857451,-1.9660641454800438,0.7964765991587383,-1.6209464283126676,0,0,0.42014021963349557,0.23802285259106873,0.34183692777543573
0.9532474141859071,-0.7464441334136132,0.24151335446355626,0.161560828539741,0.14206369454589618,1,1,0.25324264413848047,0.500446140557532,0.2463112153039875
2.7221729259189775,-1.6955056759675595,1.5104319018794023,-0.6629341296872221,-0.3167181890548365,1,1,0.22791484713157958,0.5878775474948013,0.18420760537361924
-3.9181404188376523,0.5012114112292421,-2.825053569670318,1.6587662556174756,-1.778617853173295,0,2,0.1535368562191061,0.1076174814398539,0.7388456623410401
-0.05188087207671553,-1.2518858780883368,-0.8217834940789945,0.9975283462647463,-0.8163856644479489,2,2,0.09244518682856677,0.1896547953083237,0.7179000178631096
-1.9983166636503735,-0.061730314623658966,-1.5242940958306739,0.9282583305743168,-1.3147146659710034,2,2,0.2271902063944459,0.22570363361726864,0.5471061599882855
-1.5324702403434225,0.3643454952866605,-1.7864869239970418,1.644732129435991,0.838929784324041,1,2,0.19414937297757584,0.3060229014185932,0.49982772560383093
0.11154397246995457,0.48383233947915294,0.3026827363324065,-0.3070273321345332,0.5246099599044911,0,1,0.43653890621454794,0.5103833070594346,0.05307778672601742
0.35886727562148196,-1.172113982895929,-1.538554612712856,2.2899933992126114,1.443173307447656,2,2,0.03025803645245378,0.1255748015698991,0.8441671619776471
0.27998364533603887,-1.0267978877464907,-1.613668686630771,2.365401207367327,1.6787712279897011,2,2,0.03281494058244165,0.13650449846041546,0.8306805609571429
1.5691861590082627,-2.831486768906263,-0.6575392244770626,1.5888324897506243,-0.6737286329716605,2,2,0.010204440742410002,0.04915165079234003,0.9406439084652499
-0.22752677181269026,1.2071334814333963,-0.12209577165927032,0.17466492155042604,1.8962953436516723,0,1,0.426327499613715,0.5380734042600972,0.03559909612618777
-3.173793067726255,1.176326842851771,-1.4609529642789532,0.24907065476968862,-1.5862973317404305,0,0,0.5754571860288741,0.275187531442838,0.14935528252828795
-0.43969312135688676,-1.2847616160176691,-1.3265434330533241,1.4744839129302871,-0.7288173573573353,2,2,0.051012367129593866,0.1131269278789614,0.8358607049914447
0.8311391144665065,-0.31597486961018106,1.0519099680652737,-1.0248209970187816,-0.8143507545286663,1,1,0.4453330060428934,0.4960975638207943,0.05856943013631238
-0.6904106375045953,0.29676368731933733,-0.5319343284725326,0.36567554705311045,0.11589751306122276,0,1,0.3747959017946565,0.45002980424650774,0.17517429395883574
-0.8260178107892527,-0.7556557511160535,-1.0856414263829715,0.9504024330461003,-1.0024991268104488,2,2,0.14028204733345193,0.21371566904015774,0.6460022836263903
-0.19847509888652842,0.0335905788572155,-0.6678334803955888,0.83655457401386,0.8775084832692083,2,1,0.26479317354535076,0.46542242638566805,0.2697844000689812
-0.6319740125933694,0.42706906258800836,-1.073189803645875,1.1927107967605666,1.4449139729760507,1,1,0.2656114320048887,0.4659381169281179,0.2684504510669934
-3.2166684500198772,0.14961326355880322,-2.762786083919962,1.966253500498575,-1.1160024640915867,2,2,0.08935930207839146,0.09187902257993275,0.8187616753416758
0.7628203660029937,-1.4318082186865426,-1.2239154172931221,2.061043829369513,1.2175238670533877,2,2,0.030787094320287527,0.13353674287974385,0.8356761627999686
0.7441770543131888,1.0675493887267307,0.5711661109887913,-0.22797264768715664,2.3238249291682305,0,1,0.39616243049476646,0.5857394711823021,0.018098098322931504
1.3437473213000573,-2.3472301973387575,-0.5130311642192014,1.297999853454771,-0.5313308692930487,2,2,0.025352278424597877,0.09827669244332425,0.8763710291320778
-1.4914245401967465,-0.33342031074775746,-1.350403944571915,0.9637665339190599,-1.101083808775228,2,2,0.1865400200849115,0.22533140102038743,0.588128578894701
-3.95903292283124,0.7076605285365294,-2.8523336564549764,1.6965668429697431,-1.4466203682768901,2,2,0.1829258777837632,0.12785458645437894,0.6892195357618578
0.8656537489648154,-1.9426639133381534,-1.6617081640618707,2.6922668295175254,1.3171285770364158,2,2,0.00802664958311091,0.04820167928368448,0.9437716711332047
0.6602545211792854,-0.5969985499276057,0.6252859493275817,-0.5534925903233722,-0.87449054269428,1,1,0.37443347123177284,0.4874768294895469,0.13808969927868034
0.7379408901932958,-1.921836157759544,-1.45980793291204,2.325792142744717,0.7330552973583457,2,2,0.012056468884335503,0.05899610940637057,0.928947421709294
-1.4492506378471388,1.4656466248982247,-0.5831071354578252,0.10251849552877319,0.7591491295274313,1,0,0.5318370931466443,0.42595721430923816,0.04220569254411751
0.5816660288481535,-1.6708012947142175,-1.5962300607671132,2.4531121800445845,1.1123674100421128,2,2,0.014040047011869288,0.06842288288449852,0.9175370701036323
0.7684593571017064,0.2977647133370329,1.0983476427335606,-1.058347872429221,0.05808674223530996,0,1,0.4740275021594626,0.5011450303434022,0.02482746749713519
0.1618865959167697,0.5524106121049982,-0.0896865394100883,0.2944519749557521,1.4583114085653899,0,1,0.3614901540437561,0.5586842564604036,0.0798255894958402
-0.275888511079338,1.0587048983458172,0.3312311015551952,-0.5222699893262815,0.7151031543682871,0,0,0.5090801419412689,0.46743680494442874,0.023483053114302346
0.890630289589341,-0.6814280963222095,0.8971551035720092,-0.8089665655928419,-1.0588732368887517,1,1,0.3926428645906452,0.4954418973505615,0.11191523805879339
-0.796764151629992,0.5240580043609233,0.48174096783071996,-1.1258991004684473,-1.5364411506644107,1,0,0.6033310382047194,0.3610916585161102,0.035577303279170455
-4.472105116547302,1.7022061373471562,-1.8778811753065572,0.09738242864875785,-2.4847346436465676,0,0,0.694938578887422,0.1970126804330865,0.10804874067949148
-0.20120006179478617,2.5998199310203853,1.1369687702181817,-1.4485873783207512,2.115648681057468,0,0,0.6234711729410937,0.3755605960799332,0.0009682309789733127
-1.2359106068557557,2.9600332206935196,0.7325734852472281,-1.4731050018052188,1.4268465431390007,1,0,0.706141388352093,0.2929673056682462,0.0008913059796608853
0.8501844411565492,-0.8007385585566615,1.1271836105545052,-1.1777087574780063,-1.7673973493938164,2,1,0.437769938640784,0.46495550949023706,0.09727455186897893
-1.9807732398133415,1.212068999341252,-1.1847322975563812,0.6025474175051283,0.3479251325423556,1,0,0.47901714199101486,0.4012505465779935,0.11973231143099157
0.7095441375074446,-2.0224652074375573,-0.9642461617237766,1.5864474202496983,-0.4009166236079055,2,2,0.023817830641281804,0.08368983423801486,0.8924923351207033
1.173882332853945,-2.0995561166838748,-0.9694385246271563,1.87475168815979,0.3962703823348247,2,2,0.017802921409137695,0.0833228521189542,0.8988742264719082
-1.3156759473495792,0.6825158743700941,-0.5965476811926957,0.11314417255859126,-0.33069464953901284,0,0,0.475596855190556,0.40891059265896557,0.11549255215047852
1.1457261529512912,-1.9635673250831704,-0.2656666530658012,0.8651450113242568,-0.6984881617391695,2,2,0.06044338344146566,0.1793236537871045,0.7602329627714299
0.35694879773781557,-1.1552157979489817,-1.3125554593928457,1.9670845385468774,1.0586133775678153,2,2,0.043190134172714036,0.15540988144602766,0.8013999843812584
-1.0061395418278616,-0.5500963517896463,-0.9697908415987823,0.6961607632725495,-1.2089968022889968,2,2,0.20201916889933463,0.25750906039817256,0.5404717707024927
0.11346471605897251,0.21058075113854313,0.6327870062992018,-0.8107440373577622,-0.552686798599707,1,0,0.48907085395964267,0.46211973168775067,0.04880941435260676
-1.435332827557774,0.2811537034768552,-1.1494592344917562,0.7831978342045138,-0.27158942623594107,0,1,0.31943089718482837,0.35749585813943113,0.3230732446757405
0.5671009842128006,-1.4281226261905853,-1.6275844333718297,2.5174442474003085,1.567972279074937,2,2,0.017992655200130117,0.08917239922156464,0.8928349455783052
4.5780577514687835,-3.7813943185257264,2.193639524320724,-0.7278148397889909,-1.5417986381859285,1,2,0.06879007686786925,0.3430300676313559,0.5881798555007748
-2.942215201273796,0.1431573765602644,-2.6800438403080453,2.018348664928636,-0.7317730521098189,1,2,0.08992599838482614,0.10388945272388143,0.8061845488912924
-2.527489065792722,0.047515061874963016,-2.799466527338985,2.437106983583066,0.14153903481096508,1,2,0.05765727927564145,0.0924178261283209,0.8499248945960376
0.49665683221895174,-1.9734583195769242,-2.572569567996804,3.762870804175247,2.1834592187324953,2,2,0.001972337003648889,0.01671571055506562,0.9813119524412854
1.603102094983323,-1.3653236480006516,0.7609693668807787,-0.24941720791584876,-0.5994323382856988,1,1,0.2335202375734126,0.4888504295641707,0.27762933286241664
-3.361497787685129,1.9485855791493392,-1.567089421830741,0.3746384959613851,-0.4060711432662909,1,0,0.6379304250094231,0.2962347815796894,0.0658347934108875
2.2467948761320438,-2.428762529345919,0.6678508706161754,0.16090169564011814,-1.0238163775284241,1,2,0.08593280689295206,0.275828471120139,0.638238721986909
-0.8459487004840789,0.46772341473452195,-0.4602762849319517,0.18601431723715922,-0.022395180562220673,0,1,0.42421243679557336,0.444460858874937,0.13132670432948954
1.082930514322416,-1.7435331402477805,-0.1972833142250302,0.7538480527889471,-0.5598886997125128,2,2,0.08406212074840214,0.23113772571019228,0.6848001535414056
-3.8102255365598956,1.234633415414609,-1.9079735535659912,0.4988065914974898,-1.9374597232681836,0,0,0.5474384341443097,0.23477542623099415,0.21778613962469617
1.8096614771388635,-1.5849701682100883,0.008490499808762597,0.931513818728999,0.7912430871080888,0,2,0.09075885765645911,0.3441220108071045,0.5651191315364364
-1.4679105360286395,1.907691317086504,-0.31304549603851795,-0.24399397144803672,1.0103974461337668,1,0,0.587085149839693,0.39669472955000035,0.016220120610306685
-1.62578565606206,1.527792026191157,-0.48593174888286794,-0.1395882219720009,0.3410002947220093,1,0,0.576446044786421,0.3903044558589185,0.03324949935466052
-2.5282941870720284,3.746455260215626,0.24090461965695564,-1.4834242323655662,1.1350647722489977,0,0,0.7930093079100141,0.20650805088893576,0.0004826412010500894
-1.1234963163729066,-0.14263620358065499,-1.3823027914343677,1.261603761428469,0.024869108059796696,0,2,0.18027698405038256,0.27987098573133956,0.5398520302182779
-1.1027129444216182,0.8889609693885128,0.2669726254933096,-0.9664378984386471,-1.1118803234794365,1,0,0.6176737604425881,0.3537618777114498,0.028564361845962172
-0.9351623813826022,-0.8557879913527657,-1.2483600757159166,1.103547897949152,-1.1004629877113439,2,2,0.10851234071942292,0.17079542163812939,0.7206922376424476
-0.26387486850513636,0.0011431819520582032,-0.5437476085567956,0.6141797197279046,0.46485132193512935,0,1,0.29415898530225876,0.4590631720629052,0.24677784263483613
-4.162475009832441,0.7055150013276301,-2.780577057394366,1.4665118814739264,-1.9854029066668448,0,2,0.2140883118053124,0.12622473872885714,0.6596869494658305
2.363234780295193,-1.798023236080031,1.4999341121530703,-0.8840613373591969,-1.1922436886633008,1,1,0.25684648651196157,0.5335093969135006,0.20964411657453788
-1.5069199328364904,2.9460426320586643,0.3799350441179774,-1.1388824300224123,1.5036964024721984,1,0,0.6943214053778346,0.30421962628854726,0.001458968333618153
2.773686686576533,-2.44961382523569,1.760715991558644,-1.077866293999404,-1.9976928058240802,1,1,0.21266118022009783,0.47477803937696006,0.31256078040294216
-0.027866926811609318,0.08787460121134782,0.48589537489800694,-0.7030173533969659,-0.7831991597649081,1,0,0.4785559700394697,0.45323770775019995,0.06820632221033042
0.19712132579808056,1.6429487324874106,1.518921594614219,-1.8593927677272424,0.5280365730010296,0,0,0.6271925444706994,0.3706758607403482,0.0021315947889525206
0.2572876583291571,-0.24208825474159912,-0.9293032002056122,1.463231931191362,1.7732282675144688,2,2,0.1543719126543681,0.4202051221258383,0.42542296521979356
0.09307957993156024,-0.4445953701234775,-0.4395412036054588,0.6354235471700836,0.20013642044317626,2,1,0.23432122232620775,0.4217941781039751,0.34388459956981715
0.8651370997222353,0.12077498520178487,0.5521641351858555,-0.23648789492237213,0.9306373423517385,0,1,0.3638275510410286,0.5726644275888394,0.06350802137013202
0.8332124131474804,0.02409274908330994,0.9731445950590258,-0.8707494134780542,-0.06792269976842324,2,1,0.4390334206646721,0.5189341401228884,0.04203243921243934
-0.6422064114915337,1.8316450020520425,0.08748500141086057,-0.3110485393796134,1.791221145990392,0,0,0.5283661615847612,0.4602450464375805,0.011388791977658231
0.4922102447211335,-1.4390268490219846,-0.6177853667807773,1.0230752147221591,-0.4344710413114641,2,2,0.08148924231637476,0.2045105430449076,0.7140002146387175
0.8883921249801988,1.4582976942233519,2.4050860572854704,-2.7187175628702853,-0.03204501108450031,0,0,0.6592170395913919,0.33994567875299697,0.0008372816556111829
0.3829978532154328,0.7140018682848528,1.196011136794192,-1.3899944817460048,-0.15257474155878858,0,0,0.5510696014552627,0.43689862205267294,0.012031776492064288
-0.8081746750512498,0.2412959057238402,-1.0942975724557413,1.091095416265371,0.8054331052374616,1,1,0.2605954512505398,0.4137718000417197,0.3256327487077404
0.7079278380004771,1.2808334541782314,1.094324665692471,-0.9748584088764566,1.6772481895992315,0,1,0.48531072482873505,0.5079349627799609,0.006754312391304177
-2.147153840685173,0.6367202303372419,-1.2858057358799906,0.5758178857145113,-0.8132349339815625,0,0,0.41820534413428323,0.33217185067586064,0.24962280518985616
0.5043947699969409,0.7379884640768051,0.8862611034813965,-0.8677247702977753,0.6938082680111389,0,1,0.4817186720600664,0.5001599993290793,0.018121328610854245
2.651653952675868,-2.671925127729598,0.8520597486843058,0.12127474960001652,-0.9816111358174229,2,2,0.0742198486113322,0.2704990432015407,0.655281108187127
-0.11107053697440865,-0.34003327363643787,0.7560809002538891,-1.1922373916651903,-2.193491026434123,1,0,0.5248974138519117,0.39438455137076417,0.08071803477732412
-0.9935726798497947,-0.6530318550997065,-1.046665657422588,0.802018343000081,-1.2257414980196748,2,2,0.17067444906933998,0.2294934935513718,0.5998320573792881
0.21937985757070821,-0.14125403626557453,0.6573656440313913,-0.8211606885074998,-1.0066257884055008,1,0,0.46646564398001894,0.45913597956188157,0.07439837645809957
-1.7303137311106522,1.279454522157823,-1.2208614572936904,0.8185970103016141,1.0304707214452649,1,1,0.44054515189678006,0.44104702232728776,0.11840782577593212
0.3559828943983739,2.445872321168994,1.7863241067956954,-2.0488469953016,1.7731166059931318,0,0,0.6398544737741102,0.3596401315962897,0.0005053946296000346
0.41741137008015494,2.3950514300725825,1.1187309293840597,-1.0602757438038541,3.0184117334839837,1,0,0.5293077763828574,0.46926419354060217,0.001428030076540339
2.6777350454405617,-0.6872602682570457,2.6886344315395316,-2.2597293342084903,-0.7686559701924296,0,1,0.44323117704716697,0.5443768925044111,0.012391930448421839
1.9584704579389007,-1.644339044788861,0.96512752671849,-0.35273180546435096,-0.7550801101835454,1,1,0.21369502354992714,0.4861524664774457,0.30015250997262727
0.6353044405126052,-0.4586506718920095,0.5354919475218258,-0.42420232295751564,-0.5172285935884924,1,1,0.3683158445992626,0.5013434540363,0.13034070136443746
1.5791310280242603,-0.27904971989174276,1.1543551665628038,-0.7001773697492909,0.5524267071962948,0,1,0.35742830927689934,0.5917770134597883,0.05079467726331253
0.4601315705859244,-1.4181260997881915,-0.3552664313844337,0.6294981069974597,-0.9383055106856262,2,2,0.11807404683682883,0.24651081557603566,0.6354151375871354
1.0574825846672278,-1.861455150588745,-0.3084800001400355,0.8833675550587067,-0.6163100825937979,2,2,0.06539317664688014,0.18925939238126638,0.7453474309718534
0.7535033628355925,-0.08700788489248668,0.9381070022169872,-0.8833902598853505,-0.3585933084895233,1,1,0.4421993273878033,0.5073506968330042,0.05044997577919253
1.8132014072726408,-2.2829479845617904,0.09562255250638674,0.7269047655954599,-0.5898873508299347,2,2,0.05512323013215547,0.19487282963996025,0.7500039402278842
-1.8376001706790492,0.05790310000094134,-1.1816096900397648,0.5518418160153457,-1.406710288053338,2,2,0.3215656884362664,0.2851985767787909,0.3932357347849427
2.263155725765416,-1.5344422001037765,1.0960592525108472,-0.33710873255266594,-0.19322816098087103,0,1,0.21590655943218034,0.547070652701463,0.23702278786635658
-1.4416264189168553,1.418984397753003,-0.7825975481174451,0.38752405722402766,1.0544589655561918,1,0,0.49262314130196394,0.44878573498907065,0.05859112370896532
-1.0953312929885113,1.750404464651453,0.768261866273223,-1.5785913530522138,-0.4898331640873862,0,0,0.6966757261352629,0.2989469232079815,0.004377350656755634
-1.1596514648330578,0.6327544859544618,-0.5370590640814605,0.11951109880045259,-0.2160957953540622,0,0,0.4629345797467629,0.42148626742160916,0.11557915283162798
0.31376650797888217,-0.8731835450195513,-1.5040494156755635,2.2475395210843985,1.8175296780657175,2,2,0.04476705602892674,0.1781648476376615,0.7770680963334118
-0.9631348494471205,-0.3820100357353211,-2.284611856852072,2.6259718079780403,1.561054506286995,1,2,0.04099148446773473,0.1230280724167433,0.8359804431155221
-2.447249485318525,-0.3624128827447577,-2.558368351847177,2.09371306290709,-0.8591361455345395,2,2,0.050356320370298,0.07213678797282161,0.8775068916568805
-0.0902464992271702,-0.2563279995214006,-1.9842535513757504,2.755559745743179,2.9731532605830866,2,2,0.05008388606561351,0.21350791238896466,0.7364082015454217
0.9411621590569503,-2.336124289500928,-2.3377422790705378,3.6614550113519364,2.0020009444395868,2,2,0.0015223577618485818,0.014497803245349036,0.9839798389928023
-3.2822906408099937,4.12510688690475,0.4672285311035236,-2.23387502161346,-0.1085711365610571,1,0,0.8743754928010373,0.12546296849246466,0.00016153870649798048
-1.4939769962263412,1.9854468407500292,0.42335886723115057,-1.3058782171700947,-0.24209257688261832,1,0,0.7009660290674892,0.2940984572906996,0.0049355136418112126
-1.5282179837704766,2.8766951738826063,1.1807447543361185,-2.307322970574262,-0.11550772585744129,0,0,0.7926031506982285,0.20693335320116776,0.00046349610060365923
-4.275825973529148,1.3547469239397187,-2.124669014334225,0.5325779779895402,-2.2582957795468834,0,0,0.5628223412488897,0.20836997689912912,0.2288076818519811
-6.436231437219179,1.5186258313091445,-3.610430509816211,1.3309521633315442,-3.5678643865364443,0,2,0.33687174454023056,0.08440385787951868,0.5787243975802507
-0.2637486943742819,0.9273817344637592,-0.5632016117617382,0.7509665142726275,2.1325546330012184,1,1,0.34844649875492684,0.563422567651561,0.08813093359351226
0.4587759973709923,-1.193838829866773,-0.9122127107403639,1.45271774452336,0.46588700734802113,2,2,0.07006307715990905,0.20852078128863305,0.721416141551458
-2.5961001428118102,0.8834849026555507,-0.9044065120195716,-0.22177517620435303,-1.9641937307669606,2,0,0.6006610688998226,0.2867116509633841,0.11262728013679327
0.04435947966607877,-0.9676424011120306,-0.10312856120993474,0.06169798547512291,-1.42950874778466,2,2,0.2485172312172645,0.3468994865363169,0.40458328224641854
1.167031448471852,-1.210222791512053,0.6411941806954996,-0.33191450253358534,-0.9759335714372859,1,1,0.26822635822631274,0.46486465967491863,0.2669089820987687
-2.461681858158659,0.06727908615509515,-1.8515501562354817,1.122825784709077,-1.4145996252552342,2,2,0.20581544514196878,0.189505179683531,0.6046793751745002
3.5991079734754337,-2.5740775052308864,2.513132080857014,-1.6547899276897255,-1.9419360611252647,1,1,0.25150154357762283,0.5795170943169573,0.16898136210541986
0.33382781871475176,-2.161578393747543,-1.4538927544923954,2.036824616605429,-0.5039415314665905,2,2,0.01064195357607717,0.040230388178471334,0.9491276582454514
-0.45988688626042823,-1.033215239876572,-0.960936793501338,0.9677795517891421,-0.9898493512185156,2,2,0.11117274902841937,0.19476803068383985,0.6940592202877407
0.7640979396045637,-2.0556519709114505,-0.6792642756196672,1.208433007617808,-0.868544171542254,2,2,0.034862475622779596,0.10582812333484319,0.8593094010423773
1.0502230586820274,-2.161460855000626,-0.6704636881208501,1.36204677841809,-0.5018549407151285,2,2,0.027814791711033675,0.09984591417868105,0.8723392941102853
-1.6600449026643078,0.8201277779624893,-0.6883494943337894,0.045782961019753925,-0.6064255726803801,0,0,0.5140186511901201,0.38018582275921015,0.10579552605066979
-1.8096743883232462,1.6799382625581287,-0.7016735874167559,0.07247845612405218,0.6352178720686217,1,0,0.5687357750787922,0.39534307333040347,0.03592115159080427
-2.1842952792269643,0.06965714191841355,-1.6465931903961732,1.0027434328734424,-1.2309684966771879,2,2,0.23417340596136288,0.22482061825252211,0.541005975786115
-2.025446458132923,-0.2568595683621192,-1.9751862251915246,1.534197908911081,-0.8934817525573845,2,2,0.11183351874836923,0.14432328336945754,0.7438431978821732
2.695269447938164,-1.8200358538771542,1.634469099368165,-0.8720235492270945,-0.8149735781619706,1,1,0.24368375526795802,0.5701340840598239,0.18618216067221804
-0.040028649951588675,-0.05450513470876395,-1.2963287432899013,1.8253226544942198,2.179076492829383,2,2,0.1346529017748187,0.38627991507590764,0.47906718314927377
-1.1382683896045442,2.245017252982689,0.010469381372626319,-0.46189776920809106,1.672819420470976,0,0,0.590794089365825,0.4023446943754516,0.006861216258723435
-0.870036062198911,1.961703897455155,-0.0128293276901853,-0.29433937031584073,1.7494474664393946,1,0,0.5468180821871114,0.4424525151403579,0.010729402672530784
1.4452260510774322,-0.6801860361400638,1.1155183443881762,-0.7752984962465854,-0.3502103387948672,1,1,0.3581401122324672,0.5540094333553348,0.08785045441219792
-0.9756408394232624,3.07833970335282,0.9592232458581784,-1.6213222789265977,1.7413032713536085,1,0,0.7020898823330225,0.2973384479688528,0.0005716696981247028
-0.4753442897496475,0.5659961949236809,0.057469249487505314,-0.3125998080311201,-0.05254340147371117,2,0,0.4799663683243232,0.457326751454533,0.06270688022114382
-2.6129659836474484,3.7011257957222456,0.372582140725229,-1.7302195311342792,0.6475850704959205,1,0,0.814446178444979,0.1851471093049911,0.0004067122500299155
0.22830830484308332,-1.3644304065910655,-2.084455926339725,2.967764633614059,1.8362169687007186,2,2,0.010760303907543064,0.05778854488851805,0.931451151203939
-1.1899525285971235,0.1791741498775956,-1.6930600363332813,1.70302106081633,1.0242226089723718,1,2,0.16527126468094683,0.3018098228973843,0.5329189124216689
0.020728252778472848,0.08375643800068244,-1.350919600207112,1.957695869844022,2.6427172916446215,1,2,0.13475304085724873,0.4167082416899225,0.4485387174528288
-2.9362916487238095,1.4101723559071169,-1.3122040258169598,0.21179107045262596,-0.9720338509958844,1,0,0.5990214473248263,0.30367929138269484,0.09729926129247887
0.08330903068648446,2.949920503996988,1.35997189777083,-1.5492083087285826,2.8933846797331433,1,0,0.6135225440096738,0.38601865719259887,0.00045879879772739223
0.6106071896126855,-1.3296473630099503,-1.0647322381324378,1.7500123832651984,0.8056282883745531,2,2,0.04633526817166354,0.16604095105971153,0.7876237807686249
3.0694278778955297,-2.4944821959257335,2.0701432817909167,-1.3416722897437983,-2.050572597531228,1,1,0.2358452255960734,0.5193695820424709,0.24478519236145577
2.3361287949705694,-0.5759256962063404,2.061224105446831,-1.5613057828722805,-0.1122793628419636,0,1,0.39343760188925914,0.5825152141877437,0.024047183922997286
-2.665927030569339,3.5495004702241983,0.38829641120926706,-1.803612907957877,0.2465206181689601,1,0,0.8212571397863128,0.17826462880961189,0.000478231404075266
-0.9903017854135516,-0.2287287991976522,-0.5216396971395341,0.10193100445529618,-1.4252682215104748,2,0,0.3573699237124487,0.349952097239657,0.2926779790478944
0.34458044028359897,-0.3621030369581404,-0.15960754982054348,0.40120440780142563,0.33725510227361644,2,1,0.27251587248622144,0.4812262606129463,0.2462578669008323
1.2316169429154145,-2.0226531221457176,-0.8325577277491613,1.723784176072973,0.3979783884760748,2,2,0.023576030832682032,0.10511260724515999,0.8713113619221581
-1.4336376848954775,1.2181647613830373,-0.7263063987788706,0.2882880326051709,0.6142359251857223,1,0,0.49483165377968097,0.4350888211222371,0.0700795250980819
-1.493111622245893,2.826976009565854,0.23948937895261302,-0.9430933028496877,1.576470922274156,0,0,0.6736995921378474,0.3241822856165741,0.002118122245578454
-1.5102915680304825,0.8032799053679167,-1.292010792776947,1.0019261778211022,0.7582862695434487,1,1,0.35603165985908886,0.421631171060856,0.22233716908005502
-0.42279832319794325,-1.099313393016261,-1.0241840696258928,1.073758365315416,-0.91766221459244,2,2,0.09462959184329868,0.1761879851920994,0.7291824229646019
-0.5557021431589992,0.9246811236862884,0.270250075478621,-0.625388571649835,0.03314541197008558,0,0,0.5390012547184418,0.4315430570088172,0.02945568827274107
-2.8456550312965656,1.2215834649979156,-1.1782286239064097,0.05432999438558509,-1.3674245760907948,0,0,0.6013998309773286,0.2949408294330958,0.10365933958957552
1.098361172749193,-1.7956695377979486,-0.2373451140253222,0.8147362752091482,-0.5482942269104021,2,2,0.075480438264179,0.214576860757269,0.7099427009785519
1.5079103147244124,-0.9794538144582655,1.2009586442431797,-0.8937023153866754,-0.9080635853232701,1,1,0.3525857365473262,0.5332147618204602,0.11419950163221351
-0.030206854060407,0.07623753005587597,-0.41131790134132606,0.5792253338908014,0.8213995981331688,2,1,0.30060315589938486,0.4992788579925719,0.20011798610804343
-1.9594072049027804,-0.012729484858724938,-1.420291196535578,0.8093485537131081,-1.3398954783393164,2,2,0.2581073194592473,0.24632034378212256,0.49557233675863
1.3123146021623682,-0.8920522310712604,1.397597267915501,-1.2872027400207502,-1.5002933505958367,1,1,0.42042346599238967,0.49939209137456575,0.08018444263304467
4.8652401386135615,-4.434358471823056,2.5367844979304914,-1.1167169869197935,-2.7444683707572626,1,2,0.0541220050800377,0.25535059603054494,0.6905273988894174
-0.6740031093250934,-0.08662347894935984,-1.507346715958735,1.7279427117404287,1.2447754421140917,1,2,0.13629792080396252,0.30212219163685927,0.5615798875591782
-0.8650561956578476,-0.23012560225626055,-1.255798172681862,1.2314976428371058,0.15496627172259836,0,2,0.1758443525788187,0.294893582263503,0.5292620651576784
1.2384281628126377,-3.0270802362485805,-2.643253955536408,4.203450031145151,1.9307067898614028,2,2,0.0003240000850496511,0.004410430614645934,0.9952655693003044
-0.3019923059395336,0.7281612778622064,0.21674809397479655,-0.41343863308094514,0.28868850785999767,0,0,0.48803307429227577,0.4699488567808716,0.04201806892685267
0.5307812579384498,-1.5556640707215323,-0.35983233886877697,0.663988143762354,-1.0318394064533014,2,2,0.10122190725393349,0.22057767250725566,0.6782004202388108
3.127298399122174,-2.5705914866300716,0.9827757693580843,0.24294506198474183,-0.09440851597833,1,2,0.07699502601757906,0.347136076638282,0.5758688973441389
1.182523143299625,-2.2856604523772974,-1.4771954012049768,2.58553338850072,1.0078488190996133,2,2,0.006194489418527093,0.03990689090279452,0.9538986196786784
0.289639695670244,-0.6857706036825202,-0.3264797285426657,0.5678749666503802,-0.039238518244506304,2,1,0.21337449135680986,0.4012656202331183,0.38535988841007185
0.5564386996794961,-0.5606053192894089,-0.06400981770646763,0.37323554046454926,0.23522493797908983,2,1,0.2516446461865035,0.47430256231781337,0.2740527914956831
0.49194299276992864,-0.717572001373548,0.43954932233798283,-0.40672379113727614,-1.0843488327751285,1,1,0.34839961410979775,0.4582314439341731,0.19336894195602916
0.48341091903278116,-0.4052341310054438,0.12183941357003092,0.07970565820910792,0.02615715345030256,2,1,0.3089584250063828,0.49736817876384587,0.19367339622977137
-1.4043861958423123,-0.5936045409675474,-1.6251662305832002,1.381077060681869,-0.8873304343484357,2,2,0.1013016798007934,0.15240749305600979,0.7462908271431968
-2.680293003510012,1.0247164778045683,-1.2460657207097827,0.23160804691351383,-1.2621829547949421,0,0,0.5457357804062204,0.307644002874041,0.14662021671973866
-0.24969836447025986,-0.09925021098062148,-0.9129287643153117,1.140009034956746,0.9867526297002499,1,1,0.20888138186980246,0.4135931140500224,0.3775255040801752
-2.4273769233068268,1.1392243614513697,-1.6462069275421556,0.9761003986630385,0.1694986719592788,1,0,0.42486333378383934,0.3607399216955267,0.2143967445206339
-3.997522017754104,1.0032404237682764,-2.307675348384958,0.927159365070252,-1.9916933803630588,0,0,0.4033193838585771,0.19700632425550818,0.3996742918859148
0.8964025301687887,-1.3530187421739042,0.09012757831823648,0.27161643123685314,-0.7648553085174887,2,2,0.1717200333761283,0.35494923008630297,0.47333073653756863
-4.20664636750852,2.4183955467631186,-0.8760778633383443,-1.087582523849819,-2.5144748523162206,0,0,0.8380527002668074,0.1517809343244189,0.010166365408773683
-1.0517754898302931,-0.30939459637797984,-1.50557377200237,1.4633491513523433,0.0976006696667382,0,2,0.13348407369329812,0.23302182345503866,0.6334941028516632
-2.5312000094911817,1.2295318637966028,-0.9181880791659084,-0.12084850495041245,-1.2003041884438521,0,0,0.6135852530042097,0.31012149801255295,0.07629324898323718
-0.050750188901960334,-0.043004877651980356,-0.9210156693404903,1.282421860161531,1.496271268704737,2,1,0.19630605873002438,0.4420997373132248,0.36159420395675074
0.39537287822220357,-1.7668531896910893,-0.8513389646571679,1.2586046399898345,-0.780503048334023,2,2,0.04326990931591588,0.11751503057892933,0.8392150601051547
1.0269502419226602,-1.6281339906551775,-1.0772998021189228,1.992895914114859,1.1306279468460438,2,2,0.0276460264072955,0.12800721354975886,0.8443467600429456
-2.961842125516621,0.6242808816530856,-1.9235845276133454,0.9791612420228241,-1.2971133237869803,0,2,0.331911064108952,0.23844145102597067,0.42964748486507726
1.515680379420701,-2.3407671924122235,-0.05989123003659902,0.7570833743354841,-1.0010712665224775,2,2,0.04710846303955911,0.1527209862573448,0.8001705507030961
0.5303662795642715,0.8736268982312759,1.1551928281280084,-1.2207580625860317,0.49596846013828344,0,0,0.5224239646586836,0.4670845135815262,0.010491521759790286
-0.25329429097623407,2.3903131352143516,1.740797144664672,-2.370592294918819,0.5460260453780177,0,0,0.715355999820396,0.28412952439720895,0.0005144757823950727
1.357922671327014,-0.6298437773280321,0.2994807531948751,0.34491022895190937,1.0471511779473361,0,1,0.23048359561061343,0.5648315652142337,0.20468483917515293
0.9545051178934094,-0.8696921992553217,0.7376288871553791,-0.5627192134051451,-0.9737863582288524,1,1,0.3405242834776806,0.4916468198558508,0.16782889666646866
-2.333243803527085,1.534557993855703,-0.4357349841498732,-0.6524167176811305,-1.145434589933409,0,0,0.6829123315008576,0.2901240782213406,0.02696359027780181
0.7682887116011774,0.051361339649666604,0.06612084543709074,0.3910401684533681,1.498568851350899,0,1,0.29154663942393944,0.5856998385365448,0.12275352203951576
-1.1599415149160814,1.6647837298569672,-0.4346000609886924,0.09385469416421979,1.4157412485833494,1,0,0.5183925876199361,0.45406550427943854,0.02754190810062542
-1.0134995507207587,-0.40023737147082683,-0.7093614791461711,0.3361646772077696,-1.4326328521636857,2,2,0.2869873300939184,0.3103826639269888,0.4026300059790929
2.0212946018741818,-0.16471923000803113,2.257346679877134,-1.9904669662107055,-0.370171144191731,0,1,0.47343601634605087,0.5159976521008113,0.010566331553137933
0.8467726412536627,-0.8692930733412473,-0.3507005813727826,0.928866361369652,0.7895455117169332,1,2,0.14964035883606455,0.4005335207919107,0.4498261203720247
-0.9899782735285817,0.07370646168588524,-1.03946135290399,0.8793444945863738,0.0488992144824234,0,1,0.27112520116742966,0.3703955604191346,0.35847923841343576
0.29201775737825164,-1.5866178046885677,-0.8142795332938462,1.1621710331382662,-0.7358089841197701,2,2,0.05798697527292174,0.14504595944186727,0.796967065285211
-1.605178816799328,-0.31968976333821786,-1.3796790080808519,0.9362838615181748,-1.2499761899182589,2,2,0.1902577823320751,0.2183568283950994,0.5913853892728255
-1.207420751267269,1.5872023520687704,-0.26615077978389134,-0.1861759588216411,0.8786143199148241,1,0,0.55333389542656,0.4226580608687466,0.024008043704693317
-4.193786944961241,2.102005135648181,-1.2190527310182313,-0.6254928827486695,-2.423402137013721,0,0,0.7949537076096931,0.17857638497507267,0.026469907415234136
-1.894597078525755,1.6182354723383023,-0.004624548602034428,-0.9861745389853052,-0.908590997721492,0,0,0.6918236031993067,0.2941775801105879,0.013998816690105317
1.0719115693132075,-0.4875118792225126,0.230419194757022,0.2819708370454413,0.8545076183212486,1,1,0.2569963499608229,0.5536781478610073,0.18932550217816982
-1.4169631641246736,-0.028129722718831962,-2.1978575473927795,2.259935353848913,1.1243452393271274,1,2,0.08114107778642933,0.1760423996113234,0.7428165226022473
-4.3528788467256465,1.216953262827495,-2.6181770583873716,1.1751223188665156,-1.7579220063112984,2,2,0.38817641363738714,0.18622207071302238,0.4256015156495906
-0.09491259665532051,1.1303121837407162,0.3306132811167477,-0.39997149127528736,1.2023756760377582,2,1,0.48225274087419356,0.49597272630199607,0.02177453282381032
0.1728372755594336,-0.346824479559933,1.4332244739140212,-1.9856344713706433,-2.8707573591081132,1,0,0.6099238912585244,0.35655980890094074,0.03351629984053482
-2.2486827834476566,0.4385740659035854,-2.1070140248242186,1.6653499248150851,0.12736477294574178,1,2,0.1900970305902422,0.2364155041273632,0.5734874652823947
1.3579020734347946,-2.3339114747067455,-1.105401076446797,2.156849554185586,0.5963131182968987,2,2,0.009973387071870624,0.05659297608056016,0.9334336368475692
1.314984456361035,-2.3062854238465897,-0.630991350787885,1.4538056256965994,-0.3021227626125329,2,2,0.022392613086762735,0.09193474867067639,0.8856726382425609
2.8439550432905487,-1.9493827711383314,0.9532457063970216,0.18132454141924423,0.4902701433996369,0,1,0.12514972194658525,0.49051686667897343,0.38433341137444127
1.3119455763301708,-0.9624993507023226,0.9957665054976889,-0.7201726424727415,-0.8952490251675727,1,1,0.3400519937023253,0.5188379444756371,0.14111006182203759
0.810399382272422,-0.4244191143878928,0.991554125674848,-0.9640669313859073,-0.9370573151653326,1,1,0.4336058317256902,0.49399777304572234,0.07239639522858754
-1.997530662011644,2.084776120485743,-0.8611661939399138,0.23119685707963247,1.264634015158395,1,0,0.5759071298318353,0.3982732766671034,0.025819593501061323
0.06541410256041733,-0.15734411916829283,0.8963838507730225,-1.261529386450188,-1.7753937467553493,1,0,0.5341067427663034,0.41142789144820496,0.05446536578549152
-3.075964169258597,0.054354377686800515,-2.756172586508795,2.033440797434657,-1.016001117904462,2,2,0.07694219133538613,0.08569461772840858,0.8373631909362053
-0.8076390254586203,3.147047145663296,0.9364731674385709,-1.4757655465998507,2.2378622764026765,1,0,0.6766047533293104,0.32283605762972695,0.0005591890409628464
1.524991370045621,-1.1839343168446061,1.4331402501115615,-1.2396178705774163,-1.65615149031341,1,1,0.3842438690632661,0.5049574116872054,0.11079871924952851
-2.756775396517688,-1.0172823222971794,-3.476187601251005,3.1380792373324424,-0.9615512007761056,1,2,0.005606236243618954,0.011624542917356772,0.9827692208390244
-0.843285277717894,0.1684060440919558,-0.8099594064346255,0.653352180954696,0.09066662541360238,0,1,0.31906327543115576,0.4139589719227623,0.26697775264608187
0.2869071571837021,0.13894347960499753,0.043079537416023106,0.13376596188805084,0.7372536124547346,0,1,0.3520246439454328,0.5349383447040628,0.11303701135050445
1.985539117513034,-1.6120210525566958,1.470628655934026,-1.056057864712841,-1.5625180226359552,1,1,0.30667518067881033,0.5168458487233454,0.17647897059784437
-0.2681469330559242,1.254095950662948,-0.3716821379167823,0.5123014078728173,2.3516169479960993,1,1,0.3906865647598236,0.563208058743276,0.04610537649690041
-0.9246516182983883,-0.41594645985757905,-1.5484917351366172,1.5916734697794668,0.24066282004702932,0,2,0.10958266075711505,0.21192565221581716,0.6784916870270679
-1.707716361196027,0.7347211792582369,-0.8474518688559586,0.23386227387044087,-0.5627367104109819,0,0,0.47878826288308085,0.37923051133363156,0.14198122578328756
-1.8739847782361365,0.2630473063841545,-1.4998436599243083,1.0090345849321052,-0.5395374868808256,0,2,0.27464059977312205,0.2923866109265992,0.4329727893002788
0.4937923368186425,-0.40884658548337993,-0.6913383535002693,1.2504709989844713,1.517551758792583,2,1,0.16068496662864817,0.43378238708037464,0.40553264629097724
-2.8832491973877916,0.5662091201695831,-1.7007826966093562,0.7022922244283288,-1.6478271656095296,2,0,0.37843861748303914,0.24770345680357006,0.3738579257133907
0.9012748445077091,-1.6323729774891893,0.31856405817058087,-0.08535654808365427,-1.6623584093347095,2,2,0.18186449095495205,0.32437907364691126,0.4937564353981368
1.1756890385672456,-1.0885272447700831,0.9315407063567072,-0.7280690696720625,-1.2716796894719564,1,1,0.33618587256733584,0.48960785542411095,0.17420627200855324
0.6281998803484613,0.9454546605614058,1.3648526501406901,-1.451525515394046,0.4362920148102173,0,0,0.5413823099653817,0.45142377406580453,0.007193915968813787
-2.380593712481838,0.8201655077505801,-1.2593845075228716,0.4137753562189359,-1.0023071139920738,0,0,0.479173819390423,0.32580143117193877,0.19502474943763817
1.4726748609127325,-0.9196572650110799,0.4693112355825305,0.13925653699655619,0.4562314291631129,1,1,0.22878800284860576,0.5368680276187073,0.23434396953268685
-2.8566560413643916,1.2451918167005092,-1.1390598394204514,-0.0058657474081868465,-1.4188550380209395,0,0,0.6130689679613562,0.2915537358629947,0.09537729617564904
2.750601352199943,-1.9964286641844726,2.061265093709509,-1.4694997454687437,-1.7909959259986246,1,1,0.3011034410647489,0.5550229314658354,0.14387362746941582
2.13436602784302,-1.252262830583917,1.5920672135902725,-1.0947918998140045,-0.8531555995630415,1,1,0.3295431648950618,0.5689883491592933,0.10146848594564485
0.800958539551884,-1.260253284365683,-0.0895822421214284,0.48032047179494863,-0.46480107870308207,2,2,0.15697086738024527,0.34333225747833396,0.49969687514142075
1.9849129000895718,-1.7326577495054127,0.12089159688030904,0.8625921636308835,0.6754170113715099,1,2,0.08593520527664349,0.3369026542306194,0.5771621404927371
0.3076152582997041,1.7382759180012686,0.6434211930360232,-0.5252277471955076,2.506108405814654,0,1,0.47333946799083865,0.5200877947102,0.006572737298961462
0.8431493417199499,0.7531365629002691,1.453795866208548,-1.4673063536608872,0.36339522976016714,0,0,0.523108187468569,0.46847812715522336,0.008413685376207486
-1.654922156121107,1.2713522579096828,-0.2067495886462991,-0.5877857332454808,-0.6759488987991537,0,0,0.6232835687672198,0.34563873336922585,0.03107769786355434
-2.003206293524824,1.8432863053037636,-1.0480597931230438,0.466961270107688,1.167304404280615,1,0,0.5390614114523704,0.4152416211631869,0.04569696738444263
-0.8635154244633758,-1.2680700397010123,-1.9874960927312781,2.1584936034860305,-0.3418142013863651,2,2,0.02212199439915589,0.057286770764689236,0.9205912348361549
-0.07808946259012675,0.5907825516712946,-0.3657184389647474,0.5444816021980194,1.5500024420878873,2,1,0.3457453793048219,0.5488873068153748,0.10536731387980343
1.4014328806667378,-2.920045339033443,-2.041751689499624,3.4562790808377546,1.3509286970163883,2,2,0.0009676398286473885,0.01000602710244358,0.989026333068909
-1.1070232557884983,2.9144747791605212,0.5802118633633273,-1.179756875035958,1.879693024416408,1,0,0.6686984819485626,0.3300774407397205,0.0012240773117169269
0.5943821855588469,0.507361765859281,1.1855653010938514,-1.2673302239853383,-0.07726246622255095,0,0,0.5165548173161366,0.46699092378914864,0.016454258894714798
-1.0591140263551098,1.782331094616754,0.28328564656417554,-0.857598570445665,0.5194061369665072,1,0,0.6213485069119523,0.3699854595503499,0.008666033537697805
0.7903273080301652,-1.2633322039059864,0.37584574481577526,-0.1933080142383287,-1.3368072746823918,2,1,0.24608205831926497,0.3991748683019544,0.3547430733787807
0.10157445011539704,0.9610858155262324,-0.42771198303749625,0.7889692299221639,2.6724812124119426,1,1,0.3243746602800857,0.6034710596893633,0.07215428003055095
-3.372624184880873,0.42117136417511847,-2.7952117145378335,1.9472311956869106,-0.888798053699047,2,2,0.12053508718718825,0.1157080943878787,0.763756818424933
0.46708097912244523,-0.5963981671536792,0.35470348038020494,-0.2864839019566299,-0.7661620776614354,1,1,0.3435623057666938,0.47079909211673254,0.1856386021165737
-2.653687190151325,1.5989423926965194,-1.4085467224141197,0.5484190278913335,0.09771619471871418,1,0,0.5523167263765598,0.3555592834182268,0.09212399020521338
-1.6665881371830384,-0.14299140622121764,-1.119249733437385,0.5456942029478251,-1.5338260050056305,2,2,0.2872237075371223,0.2707362029655537,0.4420400894973242
-2.7949450623911276,2.1554668106625288,-1.1610718379082452,0.1711616395881194,0.34786141698071904,1,0,0.6403325689258963,0.32808228190359623,0.031585149170507365
0.442496510161178,-1.3337201708923352,-2.154229660905254,3.2050459813477086,2.4431059263706185,2,2,0.009140675510194611,0.058549447896278084,0.9323098765935273
0.0931378442855875,-0.09917948426863787,0.10782940957417342,-0.10794397043855679,-0.1853749625833353,1,1,0.37696750194682954,0.485369392506976,0.13766310554619454
-2.805115488299794,0.31585376347807914,-2.1710185207628943,1.3951729724975377,-1.0793950023989387,0,2,0.19673200802342636,0.1803830447372441,0.6228849472393295
-0.5628718813458067,1.1854925589698917,0.5375220930066742,-0.9820282819154422,-0.007033534695228494,0,0,0.587268018986076,0.3983786572603618,0.014353323753562155
-2.6583832667706613,1.007741410905167,-1.2661541883805896,0.2720659580570046,-1.2120247196202758,0,0,0.5361217253024527,0.31007818754565003,0.15380008715189716
-0.7325392345397164,1.8427912341391264,0.43665003949609216,-0.8662475130129649,0.9969375701630969,0,0,0.597632127573035,0.3956116602967566,0.00675621213020842
-1.1106321649899062,0.4816913922554661,-0.6592885518647662,0.3074346322290008,-0.16275424420618967,0,1,0.41794750879622705,0.4218547928986668,0.1601976983051061
-2.3633207123309456,2.1268995457956716,0.22061700344026147,-1.54167660633303,-1.3537427219850307,0,0,0.7775437835239298,0.2179420072613436,0.004514209214726494
-0.8009466779356315,1.435704819599037,-0.1543700723848188,-0.11028449829106343,1.217117295256682,1,0,0.5096001894731813,0.46406479434737496,0.026335016179443775
-3.878301601316651,1.6402699326944727,-1.4953415784557946,-0.08704137209409593,-2.107631898077635,0,0,0.6981040084248494,0.2238393842985985,0.07805660727655209
0.12336990620861943,1.9347920291661167,1.289846037901544,-1.543043997176533,1.3117027360743037,0,0,0.6023014780855009,0.395708220496878,0.0019903014176210834
-0.912571457711527,1.663735743621829,-0.13877417461060004,-0.1755229715506802,1.3685703170666264,1,0,0.5312566219547556,0.4498706337764711,0.018872744268773143
1.7714859411993262,-1.505213614092213,-0.021969631543008905,0.9606776907542011,0.9111776555873479,0,2,0.09442342410116074,0.35718191082142503,0.5483946650774143
-1.741639565773887,3.6287071341738253,0.2814629628707388,-1.0641760823060866,2.418612027086942,0,0,0.7085348287451431,0.29081921203624533,0.0006459592186115376
0.6916174248525239,-0.6746267044133679,0.40630006001053265,-0.22938057847933455,-0.5511148754447994,1,1,0.3204023971001184,0.4869989652988432,0.1925986376010384
-1.8367998199636608,1.3870966008832328,-0.20884438824681972,-0.6847459312992764,-0.8299574210175493,0,0,0.6502509592380176,0.3238225438095201,0.025926496952462384
1.8302743433591682,-3.1676609503349615,-0.11377108268701719,0.9335132087579614,-1.7345145787560305,2,2,0.014606940377629532,0.05821379158170027,0.9271792680406701
0.24155314425579658,1.4119858957873828,1.1468615627343188,-1.325892543352754,0.8852719021610189,0,0,0.5644384702618696,0.4305601159215508,0.005001413816579577
0.3908556345079118,-2.2209213746804566,-1.7507734210060928,2.4906782253064965,0.04419659106306284,2,2,0.005903952238417994,0.027811352292636402,0.9662846954689457
-2.075322261061975,0.8727756888630819,-0.9726091360877996,0.19981898715019863,-0.8233182961264889,0,0,0.5129963864201487,0.35188634144531933,0.13511727213453203
2.60301520534714,-1.027782615344,1.5352928452156167,-0.6944771859073459,0.577698399025416,0,1,0.27000234256507555,0.6479747870156348,0.08202287041928964
-0.2680839668532547,-1.0127291384734747,-0.697512592596558,0.7126457102081495,-1.0507450442645427,2,2,0.1457064249333896,0.24353590946372788,0.6107576656028825
-4.642045347082714,1.9922688643829418,-1.706140632897032,-0.22062261836203506,-2.623600602901463,0,0,0.7664923062615402,0.17701641229485585,0.056491281443603915
-1.767125529375727,1.2153195867692448,-0.7507043472987986,0.11467343489986837,-0.009786611662017108,1,0,0.5385238632210002,0.39169357168651747,0.06978256509248223
-0.8626893900306863,-1.0146509565305888,-1.4895212890636214,1.475543948819256,-0.7981791276849861,2,2,0.06393612775288036,0.12193632465042507,0.8141275475966946
2.8313421615635384,-2.932175281569339,0.4644236407126785,0.7580950818899278,-0.37865622713932123,2,2,0.03114431531367817,0.16064817809565246,0.8082075065906694
-0.13044319656352962,-0.7906594048428359,0.04183201166219308,-0.2342746082382887,-1.7286580140179013,2,1,0.3239744273956739,0.3724714466426126,0.30355412596171355
-0.23758450283094606,2.269431939895351,0.8369579194778072,-1.080426823186369,2.006064708840307,0,0,0.58504191098493,0.4126428471132087,0.0023152419018612987
-1.2391802603839546,0.7091178538581836,-0.9016208584696661,0.6009868885738774,0.4224903257145264,1,1,0.4002516385176644,0.4371527593166703,0.16259560216566535
0.3627323116821177,0.276180014349631,0.40504285420126784,-0.3211999869793048,0.47240282158356495,0,1,0.4129329919667246,0.5255524302993879,0.06151457773388747
0.5344216342615971,0.5904335344859215,0.6153671009060184,-0.47831663879665387,0.9855986605978149,0,1,0.4305515167121918,0.5378168377976521,0.031631645490156055
4.215300061226204,-3.4593777997300394,1.810188985084201,-0.36726188470792204,-0.9993981305534955,1,2,0.06508889226016869,0.33310601838507764,0.6018050893547537
-0.7602876099342416,0.42381586132726046,-0.4628848488016334,0.2380764847474969,0.07535917759028288,0,1,0.4088013430454495,0.45170838201972013,0.13949027493483035
0.2838543149259347,-0.9632003537504461,-1.2333080498973417,1.830504063782635,1.1076220816674212,2,2,0.06066420487930656,0.19952256955935657,0.7398132255613369
-0.34761034060058793,-1.0513401875159316,-0.7282136347035366,0.7024261193211462,-1.22119639935597,2,2,0.14037025370281253,0.22755630257223472,0.6320734437249527
-2.9333330836577707,0.3765865479941437,-2.0736320900567984,1.1827667148979528,-1.4043101200902603,2,2,0.2410585850530743,0.19245224658701804,0.5664891683599077
-1.6430479774619722,1.394615856512826,-0.052838470481487265,-0.7863323286920939,-0.7147035290630879,1,0,0.6487475837231231,0.3300224024758862,0.021230013800990582
-3.0447985131922923,1.805969701200317,-0.6690767846942103,-0.7305940266456173,-1.6586498995311088,0,0,0.7404310710376045,0.23680647029099874,0.02276245867139659
-0.7722654930070681,0.7772374243555452,-0.7387358077638237,0.6672280177317206,1.1753689546944004,1,1,0.37661391643161013,0.49559076727277807,0.12779531629561172
-2.040293297714031,-0.30047849322941267,-1.9866796050848174,1.5362638695583697,-0.9789960796277761,2,2,0.10602442947649567,0.1364170219645229,0.7575585485589814
2.790534056781561,-1.8215867624705746,1.9258627314487495,-1.23008458890879,-1.157526443987114,0,1,0.28166802289980575,0.581862687391359,0.13646928970883515
-3.271462022284309,0.4980728367043976,-2.3044465105437046,1.3165133449696598,-1.4435321937202659,2,2,0.23059617294184617,0.17341422304860796,0.5959896040095458
0.9504371271761324,-1.7233670954556821,-0.8054770382795953,1.5446016251353598,0.3168724427565416,2,2,0.03863695750910017,0.14355291786769084,0.817810124623209
-3.058898316552285,1.4664309556112873,-1.064357003436925,-0.21314104057067038,-1.5669791550586605,0,0,0.667976686086921,0.2691694579211086,0.0628538559919705
0.8565463596073616,1.1327201890755365,0.17931423056994455,0.41109378872122776,3.373957036723927,0,1,0.3210330957538668,0.6515581802299987,0.02740872401613458
0.22926125622125523,-0.20797806000420738,0.2102147705057673,-0.18238123511985552,-0.29230983314115644,2,1,0.37262229062107366,0.4878193271975223,0.13955838218140398
-0.7295551087652801,1.9286167442811482,0.16739459191207529,-0.4686463681852895,1.6431990758235009,0,0,0.5546266057851419,0.4365181715732588,0.008855222641599384
-0.779766144041963,1.3286752928992418,0.36337919117506257,-0.8512049392146349,0.1301764821670367,0,0,0.5918555837273239,0.3934072721003907,0.014737144172285234
-1.2245795786368954,0.7015911647764983,-0.5085872631799142,0.04628008876672016,-0.2756634152913988,0,0,0.48256030104276515,0.4154033305210899,0.10203636843614482
-1.6873843328753253,2.271870747779202,0.28714106187785116,-1.1978771980336278,0.12534833414321223,1,0,0.7070394648023629,0.2889933870562941,0.003967148141343043
1.38995700080777,-2.4625574540497404,-0.46110864320151246,1.2389319994691088,-0.7369495215053385,2,2,0.023566629198650265,0.09070862116999276,0.8857247496313571
-0.5424126133277886,0.47493221262053886,0.5063663306055517,-1.0081290661390534,-1.1618159941895243,1,0,0.5697882118310227,0.39210925478284736,0.03810253338612991
0.017556787512594547,-1.1498364596926263,-0.27937678198386184,0.27599163033035073,-1.4837139191452535,2,2,0.1887914158153273,0.28824777403641716,0.5229608101482555
0.363911341532206,-0.1666797163801651,-0.10737259001643484,0.36142325157464616,0.625175606315282,1,1,0.29583456512401013,0.5140947110684588,0.190070723807531
0.4976572234243996,-1.0775626957797682,-1.3362650533750833,2.098025182754585,1.518390187334842,2,2,0.04268467168098908,0.17030580179458685,0.787009526524424
0.6850449525359866,-1.142662156968105,1.0815783863407848,-1.2556797493876812,-2.6155290363788826,1,0,0.42859762551988356,0.4196275242919915,0.15177485018812492
0.9174657116016425,-2.418818356172907,-2.4055511825039235,3.7340638591881894,1.9323256489352958,2,2,0.001230228130223234,0.012023817086775057,0.9867459547830019
-0.1049358103025183,1.1967748406713241,-0.25716806979077467,0.44345471395642583,2.3672376229145655,1,1,0.3856711008012783,0.5711629080434527,0.04316599115526898
-0.12735436193971356,2.1886147909098854,2.0275569199084202,-2.7263827886114718,-0.07977213312459175,2,0,0.7367980292997667,0.2627544678252209,0.0004475028750124781
0.22070671900768862,1.3808446993841998,1.007085799057798,-1.1423685540527682,1.0428316645261875,0,0,0.5455016476676047,0.44816077753830846,0.006337574794086815
-3.625052363810989,1.856484031673408,-1.042150233784854,-0.552610494797358,-2.046122862973517,0,0,0.7539712879026899,0.2136512004827952,0.0323775116145149
-1.752719095998349,2.4673220689300335,-0.27384357179936536,-0.4122097594091546,1.358806467266783,1,0,0.6360633335426311,0.3569736939756351,0.006962972481733776
3.2734067305602332,-2.822569598454836,2.2121896359518507,-1.4563167451757548,-2.4809882905034506,1,1,0.21582281970055184,0.48873911966321465,0.29543806063623357
1.3129984727444688,-0.49093453213482685,1.339945489987518,-1.1570654040952346,-0.6874054297643394,1,1,0.42229800452364785,0.5255819450856068,0.052120050390745284
-0.4911027568681916,2.630970054661975,1.4483992490847057,-2.071997445427999,1.0282009878361995,0,0,0.7063986086936496,0.29305007486708473,0.0005513164392657675
-0.8137125201586711,-0.9034518809291885,-1.19240221068415,1.0936304534298604,-1.0445256367330649,2,2,0.10648320036582865,0.17414499573629624,0.719371803897875
